{"3fb00e3a-416e-485c-b76b-1247a26ea98d":{"id":"3fb00e3a-416e-485c-b76b-1247a26ea98d","date":"2023-01-06T19:23:13.257Z","title":"Pensamiento de hoy ","content":"\r\nHoy estoy programando un aplicacion muy prra, esta quedando muy bien"},"7e433291-55de-445a-a324-b46a8cabdd68":{"id":"7e433291-55de-445a-a324-b46a8cabdd68","date":"2023-01-06T21:12:52.197Z","title":"ay no","content":"nms"},"7dee6145-9729-4354-b4a1-3156e0466a5b":{"id":"7dee6145-9729-4354-b4a1-3156e0466a5b","date":"2023-01-10T05:17:59.011Z","title":"new entry","content":"baby baby"},"4837ae1d-75a9-4d4f-82da-00423745a63a":{"id":"4837ae1d-75a9-4d4f-82da-00423745a63a","date":"2023-01-10T05:45:35.972Z","title":"weed","content":"weedd"},"f945b813-c767-4e94-99ff-dad65319da44":{"id":"f945b813-c767-4e94-99ff-dad65319da44","date":"2023-01-10T15:43:09.783Z","title":"weeding","content":"\r\nLa weed esta bien rica, si nms bien rica, si nms bien rica\r\n"},"cbbd12f9-fd44-4c2f-99c2-b994191cf096":{"id":"cbbd12f9-fd44-4c2f-99c2-b994191cf096","date":"2023-01-10T17:32:35.080Z","title":"my new entry","content":"babby baby"},"33c4c5a8-e238-40ff-b390-9ca7ed28eb12":{"id":"33c4c5a8-e238-40ff-b390-9ca7ed28eb12","date":"2023-01-10T17:58:59.192Z","title":"smn baby","content":"yeahh wey"},"9f14ab80-bdb4-4bdf-b18f-81cceab2e48f":{"id":"9f14ab80-bdb4-4bdf-b18f-81cceab2e48f","date":"2023-01-10T18:30:23.856Z","title":"lll","content":"llll"},"83474842-2792-4e2e-93e9-742397d34170":{"id":"83474842-2792-4e2e-93e9-742397d34170","date":"2023-01-12T17:25:46.228Z","title":"oye baby","content":"dale"}}